{
    "last01": 86.0999984741211,
    "last10": 86.16500091552734,
    "last20": 86.09000015258789,
    "last50": 85.99499893188477
}